id,chain_index,url
1,0,http://192.168.200.14:8080/macOS%20High%20Sierra%20Final%20by%20Techsviewer.vmdk
2,0,https://www.freelancer.com/dashboard
2,1,https://www.freelancer.com/api/messages/0.1/messages/972512556/sample.txt
2,2,https://freelancer-msg-attachments.s3.amazonaws.com/972512556/sample.txt?Signature=PVoQ0sP9b6lMlyYrcAmzI%2BvVS78%3D&Expires=1553077938&AWSAccessKeyId=ASIA4JLTZCJHSXAYRDW7&versionId=8coYafqkct2n_pBjynOVJVfzc6O.e_.0&response-content-disposition=attachment&response-content-type=text/plain&x-amz-security-token=FQoGZXIvYXdzEMT//////////wEaDAzf8MIUUtF9qd0h7yK3AxBDPrGTWgy8u7LThWJ2Qid%2BU1FmhBAFO1pz1dUSOrpllPK049hrzEU7QbaawJw23WwTjxXkSHdj7As2JF847vha0S0DS0dKyYM%2BUR9Szd4mhgD3sjcyQOYdoCKC8sKmCra7WW7S7OI7dAnuLmdrc04Hb8E/QREqeGIg8RE0%2B2o2s3glKLpPv2zmKPeu1u9sJqXXis3gf3iH4Z4ft81BD2LczJ5VViJWqjYCTkjIyz5pbpjDG1Vvmb4zcD/Un0%2BYywG1TMFYS8eIo9pNwtRH%2BC62NVnkXumSgJ%2B4UfTdhs88o4A3sTvS8vFXpU0aXEGzY6A8vOx7U9P2iDEp%2BXaQODDIBqvXEtwN6/0UDIM11AWxWC4Y7/DH4X1JWHyAKoLMcKCSWd7IM5DY1yvDWAN2rUy0CzNUtywlQDuZXiM%2B3vzBY7ggerwoKL4uQqNLu6VgmpJI6UQt2iHaUua5LVUEsxDWVUSpyDhReE71gj%2BDFM5GZHfnpU2ikLnOwrTBKz3ScEdxJIAmosYjAHxhAa2QjMbacfLTlg2rI1aneXk1y2alpfh3ET5eG1MSJcfS99d53oMqdWPAHesov6PI5AU%3D
3,0,https://www.freelancer.com/dashboard
3,1,https://www.freelancer.com/api/messages/0.1/messages/972513217/Alert.jpg
3,2,https://freelancer-msg-attachments.s3.amazonaws.com/972513217/Alert.jpg?Signature=Z9s1CB%2FpPqy%2FMXcQyuUccCh%2B2Hg%3D&Expires=1553077960&AWSAccessKeyId=ASIA4JLTZCJH3OHBCAFA&versionId=Pv0.7xsCsGXvtwaSc7d1dPddLn0itECR&response-content-disposition=attachment&response-content-type=image/jpeg&x-amz-security-token=FQoGZXIvYXdzEMT//////////wEaDPS7uSceF9VfcA7JqiK3AxzLdMpXvq20TUSxZJqjAVrYqH431GncRSdFIdEzMXeJwgI7OglPZ7GuXruJQgAKpiWJPn/hG1AvvKK%2BhRO0rD6CfkQQRhjaEiwc%2BGd72TR/17fdXULu6IOemK8XhjxSXQ2AVQQ14%2BIRVey2%2BbxOZgr%2BYdkU95wtbTKsTLITYQ06fQLV9ynR0rTlDl4UjvQJdjXUnWtmpRYL2rzz2d9GqiCEH1xlURKzV4w3ZlMBrX%2BsfZVrb05uSg%2B2%2BJvMthgQI9Bq9EOzgdJHECxAAblNx3JQkiFmh3nFqdSk8N%2BPKVQ2oOdfGWbKBW7zUnMH0GzJ6WOLA8W3vJvOrwzYM%2Bscz9no5puw4kLRfnfWVv4XMHlRUrIKqMIzG1kO06WIF2mPpZ4jNqcJanat48lXZgsQf8442pAVu1OARmmN6KiBqamA4%2BPPc5u4wqpVQxwGDUcg4OTmpJqA9T5/V7DqXmdf21W6JspUd8z0oNX9Swhb9cQgf1PFdXGw4QwEmFV1gUmxOb/%2BKquItKNuteyqFM06FsZl7y564CTClNST7IqqavGtRrA5liBlMWI%2BhGmiXsJ40rXTAwc1xUsotanI5AU%3D
4,0,https://www.freelancer.com/dashboard
4,1,https://www.freelancer.com/api/messages/0.1/messages/972513292/DTM.jpg
4,2,https://freelancer-msg-attachments.s3.amazonaws.com/972513292/DTM.jpg?Signature=KcRWrjxZhGx2sDnhwUpYLDsKThg%3D&Expires=1553078012&AWSAccessKeyId=ASIA4JLTZCJHYX37OH4A&versionId=96Q_b6yrxXWfKvlHkEVgYj6dwLW1Jcx.&response-content-disposition=attachment&response-content-type=image/jpeg&x-amz-security-token=FQoGZXIvYXdzEMT//////////wEaDDC6HGv8mK8tKOcLsCK3A5NYNv5E7mYDfhn1GLs62izt0xCtXG37ju8k4QyTh/jlsKU%2B4xzkyn0qtbroeaHti5wZcTJqZXnKnlP1tnWRtK7owyzXTUkbLhxKIyHUekB7mgUK8x6AIE5Tmc/W9%2BI0j8HweT0y3HURrPOcNwpd68EMn5OyeUBx69PY4JrO26k9aXVKy29Jeu/5UXrjZbwRSt/boF2QfN9DO/b/XayctrpHymHMW309mYOPMEc4LU/pC/nPtClg6jvflp6gZhejIEYoouHcH35RB5KSe4hyyfRqzSrRRt42u2h5RRurWKrAOe1wyxTGxLqH/y9L4qXIAoJsqUC6QLlpotq9jioGpX31zshTzWqMYNsH83ZY9uRJNI54vxYvVXIaKramGoS%2BdSgGh5mzF6NtD3gAjMWkCobDvLce0O7V9RmVbkgzt8SWal6378rtQ8bmKSC9CjdaYxGUWC7sd9AfS/5zY9GksdsAJuZNKRDfvxBcgToLkIr3NptvobhUW9W16riuQ1TeQytt0Q6K9i4mtBNdA0APweeGF2T%2BfgTX7CPlrAPpym/QA8hP56vKZ47cfChkK23KpK29Us%2BN49YowKrI5AU%3D
5,0,https://www.freelancer.com/messages/thread/119241335
5,1,https://www.freelancer.com/api/messages/0.1/messages/972476707/STOCHRSIHANEW.txt
5,2,https://freelancer-msg-attachments.s3.amazonaws.com/972476707/STOCHRSIHANEW.txt?Signature=F0zqj7ouw8pRlJDIKFbnkB3Yafs%3D&Expires=1553078451&AWSAccessKeyId=ASIA4JLTZCJH3GPBTZGL&versionId=J8KXGLK7t9cyuJSuv4fCPjJk6y4kAwjm&response-content-disposition=attachment&response-content-type=text/plain&x-amz-security-token=FQoGZXIvYXdzEMT//////////wEaDIcPNPzxush14BvY1iK3A1pKtnN0f46FF0YlKNCKuBvueURV2QeWt3Yx5Hv4jc23UONJru7mGH7PWb%2BT0CZkgV0RsrR8Vu8ZcoQjylaw6cL/EZY94bNial0FgKGmoNsVOrACVCuBqQh/NB%2BFjo9yUXKOFNaLgTD9tqdVe4Pf5BKt4G2CQ0l3GE6xRxfp4PQEmZqPB7VY1Mi0TEM7PcIDjjxD%2ByZCaifAJCq7Gagy2NRqsBGRJ8gzRwO9ijx7yH9CPH3H7X6WKcngrNWYJ%2BNrwl%2BzP2qRX6UcJY1S%2BezQCw//snLuV%2BLc7e3mwjBWPom9zoNu02n%2BdqEx%2BifhyLXfQoDaVTxdtYWZM3gCP3hRbzwh1vvqd%2BQjHt%2BwWMazkozrK7L8Z%2B6oYksE%2BNoO76x6xNj4sRThyAX2%2BjV3zJIZ%2B8WZ6n%2BvEzxoL8u2I7znvYfdK6h4CTXe2MA7K8UCUHv9IcbnAsHIxeOusyjDAZiqvTcz0wieh%2BHKgfWw%2B9IXYV32QIGuT9wIUKkTqxwDeEzHZoXEAo9dubnv%2BBKTzl8zu63o8gn/GJlIREoqCEHWbdO1trYlipfmUsJpj2uVtO5LJk8pk0Gdyr4ohabI5AU%3D
6,0,https://www.freelancer.com/projects/php/looking-for-full-stack-developer-18998781/?w=f
6,1,https://www.freelancer.com/api/messages/0.1/messages/972663615/Needs%20Document%20of%20Onliners.docx
6,2,https://freelancer-msg-attachments.s3.amazonaws.com/972663615/Needs%20Document%20of%20Onliners.docx?Signature=FIFt1KloutJJw52M2e1hSvLBvN4%3D&Expires=1553092485&AWSAccessKeyId=ASIA4JLTZCJHW6DHCUXR&versionId=bwiIjA5zFttw6iw8l4LccDd0sk4DMhZJ&response-content-disposition=attachment&response-content-type=application/vnd.openxmlformats-officedocument.wordprocessingml.document&x-amz-security-token=FQoGZXIvYXdzEMj//////////wEaDLSSil9lorzzEsRapiK3A8jB/wj7qq8uGjrVSQuDhYDfqRzGO/02AlBoHHtIFTQq12fTtCCMoiYWgLEJzeOPYWThFdLKNy8Ig%2BjfXa1goe/rZSCtF9FO5iWepIlT5saxSZJfUQg0Eu5bpOQX2LWXRdbBMIWhJ/%2BJYu7DDFXhV8cJ7OpZyDnj6b/pA7MTudv4bMcKRZWPk3ZV44GfPjMG/8ZSNelAgS%2B5YK/8F77fuQ62eQXyYSUWmDMUEM4rWsT2Hd5jfyAxxqR%2BcEAHBOLTbO02LUvB%2B1/FGhqKXy2D3HjVg1ZgH4eqs/H4LBWg5t6nAcmnfaFk2CiYghciVmpGI4LA7cBkXTpe%2BRFk/8siUX5Fs9ESNI4/8k6UJTnGKjvycgov83bSVklwfeXZI4bA8uehj3ywtnjh3dEi2143LPMk1R6FHNAwfuTMSdAcWIeqyFw34mYBx7rbMY1FKRT215m7JnTJrAbLecxg3Z4C/afA5JcvgGdXulcuYKF1R4MYmn/CjZQtMHf9oCqXk8/23cwcZ2rl7Bj8hxvOSSwvf/NkhRTr1PWfWvUrLmax6qIaCQClGTUXm9qj3cJ4uhEs8145IPkzDgkorZbJ5AU%3D
7,0,https://www.freelancer.com/projects/graphic-design/create-logo-18999337/?w=f
7,1,https://www.freelancer.com/api/messages/0.1/messages/972693072/Immagine.png
7,2,https://freelancer-msg-attachments.s3.amazonaws.com/972693072/Immagine.png?Signature=831BH7OKMPYT9BOVASOYthJhZlg%3D&Expires=1553095119&AWSAccessKeyId=ASIA4JLTZCJH3LTPI64D&versionId=4G7Fs8rcZY3AW30m.TrJYBqehjAEF__5&response-content-disposition=attachment&response-content-type=image/png&x-amz-security-token=FQoGZXIvYXdzEMj//////////wEaDB3aq57XFJg8UArNYyK3A4WkcJUrHlXcGVwhXlkqfoLGOtHzUf1KY%2BGHKR9bt2VmP70J/oNxkoW2iOUctv3dLTsPykjmmYwUejxroK8FZrRlxS0EMqzFWBxqvP%2BOZ7CQ4LM0p%2BpCSTjx9kSHX66r1KDlD2cke8xblzbPCwC4S//A7L9a97I5Cp5CFq6pXN4hd6jcgATyyN2kwpZAPnckrRUDheeVHpL/91ZxH4VwmMsOLvE2VmtgozkL5fce%2BEQ38nujOJNjOnZDs0xg/s2ueTb41kIi/Si1eYRUau3fZxEJ/MWq1NLJHbg39fVbtJB4KBkcreTOJZ4%2Bqf9qK6daLRqrmN7krly%2BZzKhoG8RXZbfDWetD8NnRnyB7Gz1nwetE4lttoHa1anZdI0Xr/qsU8oUnUVVFs0G3y7iP5080bndmfC8iHr6bfa6fE5W8vJcw0I9NVX8DJEtOXB5DTDJFAx7xAXiuz79qtC4Y4oyGcse8Zku%2ByhsFdutSJLGtQMPcm%2BIYHagmJkOtbOcKo2%2B9pks9BCcspq%2BrJHhW1r1AMChApSssMbH7VCQP0hIhGUicNOFpaP%2B4hiG%2BjzqWR755D7YNG0ICWgo9ZnJ5AU%3D
8,0,https://doc-0k-28-docs.googleusercontent.com/docs/securesc/nd71p0pecvqtm2b9j0jn59de7nvor79a/8io597s8u5readj4qdt7ph9likritcso/1553090400000/08863234306805901703/08863234306805901703/0B45AQwbVuFikMEY4ckxzdFpjLUN3OXJYR3djVnpjSWNjM2pR?e=download
9,0,https://www.freelancer.com/projects/fileshare/getFile.php?drive=true&file_id=1103813
9,1,https://freelancer-filestorage-pmb.s3.amazonaws.com/filestorage_project/2657683?X-Amz-Content-Sha256=UNSIGNED-PAYLOAD&X-Amz-Security-Token=FQoGZXIvYXdzEMz%2F%2F%2F%2F%2F%2F%2F%2F%2F%2FwEaDL%2F98%2FzGGLD5br1mEyK3A2VXALTRzP2SftNU%2B5T3VF23blG6hy7FC%2BOBpeIPV8%2BEtUM46d%2FxRSAxMWmhtGndiBT4QbI48e42XrPB1IQhwMXQDMi4nfV6kZShRP80TVRj%2BPeW8PwMJEhZOQlJOw31a8MRKB%2Bshb0iBneswmOB31Y475Zqw1jDJ%2BphjmEkcXJ0EdPE6xU%2B%2FI6MyHjrGo%2FId%2FDDx2HD2xaJfheToV9m0ZQbzwkKbxG7ZejBJq7Qkd1KB4q06P7ibl5wC0pPKPLOPaEaAPWaUS5qdp%2FyIItRhrm9PUhkJLfwfwmY7DJuWOrbZ20lmvkLBfl9JP0rYC3lPwUVOevUi569OvpBiDuJ4xz%2F7mOxZdCdgu5pk6tzrsWddEUi9WD%2FUQp%2F0J5r%2BrUc3UqTxV0LwzH9VxEFNXd93SSg%2BJnbcz15jRc0EgBMiM1neQcRSyzWf%2Fh5s1RNinbPAyMnz5hPzeSwu7QUg1XpwJ9JY3q7%2FO6kQ8Yqpl8BHehJOuGsFzyPqrx4RASSGCMp2wzqIMYuWMnS1lST7UabfBQibYlMhNXcdT8hYeiR38XAf4mctKAD5dLraYk6CT84GJ1fouP3AM8okorK5AU%3D&X-Amz-Algorithm=AWS4-HMAC-SHA256&X-Amz-Credential=ASIA4JLTZCJH4QAGBQJH%2F20190320%2Fus-east-1%2Fs3%2Faws4_request&X-Amz-Date=20190320T193116Z&X-Amz-SignedHeaders=host&X-Amz-Expires=300&X-Amz-Signature=917fb6774925ab61ee1ce8ceb89ef43861020edecd410c7edb96c1e35749434b
10,0,https://download.info.apple.com/Mac_OS_X/061-0973.20040202.FrA2s/Safari_1.2.dmg
11,0,https://download.info.apple.com/Mac_OS_X/061-0973.20040202.FrA2s/Safari_1.2.dmg
12,0,https://expo.io/artifacts/cc6e8aac-b3db-4ee5-a3ee-06fd0cad5413
12,1,https://exp-shell-app-assets.s3.us-west-1.amazonaws.com/android/%40sun1earth1moon1/Kitchen-App-Akkilna-ff40476d68874a3d95f740622c6f4ba8-signed.apk
13,0,https://expo.io/artifacts/013457a3-64e4-4340-aac9-c2b1e0134708
13,1,https://exp-shell-app-assets.s3.us-west-1.amazonaws.com/android/%40sun1earth1moon1/Kitchen-App-Akkilna-95c76d9acaaa487e9755b8c552cab36b-signed.apk
14,0,https://expo.io/artifacts/89ee894d-0ac9-4d81-89d3-d1649500b9c1
14,1,https://exp-shell-app-assets.s3.us-west-1.amazonaws.com/android/%40sun1earth1moon1/Kitchen-App-Akkilna-036b0fd3bf5c4b4291899628722dff13-signed.apk
22,0,https://www.freelancer.com/projects/mobile-phone/React-Native-Developer-Needed-Expo/?w=f
22,1,https://www.freelancer.com/api/messages/0.1/messages/973431024/Individual%20Options.png
22,2,https://freelancer-msg-attachments.s3.amazonaws.com/973431024/Individual%20Options.png?Signature=pYfg%2Fm%2FS6KnXFdFp0v8x3LERiMM%3D&Expires=1553192358&AWSAccessKeyId=ASIA4JLTZCJHT3FEBOGF&versionId=yK8zC1kv2.mDOGTcGetryPgvBiHZq.9j&response-content-disposition=attachment&response-content-type=image/png&x-amz-security-token=AgoJb3JpZ2luX2VjENL//////////wEaCXVzLWVhc3QtMSJIMEYCIQCq8Yb4qp6CY02Qnl6jxP4/7FW3BKhaCA6Ps/G4RyPcWAIhAPbjJRDXYTgSx7BLwd09jlZazZa775y%2BRlpg1KOvQ5BOKtoDCHsQABoMODQ0NzQwNzYwMTQzIgznazVx/6lcyYMicUwqtwPErqaHuxmuMu5oJZSdqB0MYK9kNuYSgspUFO7zqbZj1B%2BbqkpW59c6L5ugIiKRPcr941YCa5bp/jI9SyJfaSKyIU%2B5eBT0zpd%2B2SXuZBCAvq9mWNi3%2Btjw580RQx5B7BDm%2B41XpUuxxMkn61EILAVD5qi9dtu0HAbP7PpRlAiowm77EYyc9QJtJw%2B/Esc3Gv%2BVLDlJeQvA1BqBoIZ8TWafHYkbQCiieD2YAQ6qJtUeoXBQyjBLICO%2B3URigLeZ8y59RFZs9bmlrYFSa9CuBQLxz%2BqUGgVetvbRj0mxSM1EX4xh5uwSGtQ9grIcoo8CMSNfC0%2BxUAYD4RU%2B/xWYvj265AsSSSPBPX%2BDNKGtW8l0RIKUYMKnDWBq52uB4G7a3ypY8zLiIXxTqVRJUV3S59WYZus4iKuJAs5cxHDPrmUAGYIjkX8tJ2ONN9LLca05Jwj2QwUduSGIP1zUfUDPi9SlOyZ67N53kRF2XugF9m6TVmExSIVhS2chRJjzwiH1H1KB/p1an4PSm3MMduCmOparEDp6FPWOHbLFS7X2HXPAx/tzjflOfWfFEzgqkJ850%2B9znF0YOT2zMPmaz%2BQFOrMBc/AmchDj4wTFr5uQttuNH0fU6jqr2PW7pj0k%2Bf93B067DgCfKe77K8hfPa%2BKuJHQc3F%2BJL6dQr2AIucKGjlYgZUCo2JqcvRmwBvAQq1cGzXQqgP3ZseCqkEDdBeG19ICLk2mW%2BYEnwXZVxElhBv6fP6JduUtixcDzdrNV9skEXcMh64YiOGqF9o2STgMzf7zmjCxgVoipWTV1et4jWp0rCmCgrOffh%2B1W%2B%2BbMXlOdkoc7VQ%3D
23,0,https://code.jquery.com/jquery-3.3.1.min.js
24,0,https://code.jquery.com/jquery-3.3.1.js
25,0,https://encrypted-tbn0.gstatic.com/images?q=tbn:ANd9GcR2MtOZfI7s3m9dK_sQt1_KfJ9gjhUmaGN05E3v4tPyZUcgp9ku
26,0,https://dl2.cdn.filezilla-project.org/server/FileZilla_Server-0_9_60_2.exe?h=v8mM5cSTbqPFVOKJ9z735Q&x=1553487361
