keyword_id,url_id,lower_term,term
2,1390,string.format js,string.format js
2,1393,c tyle string format in javascript,c tyle string format in javascript
2,1404,javascript get minutes,javascript get minutes
2,1408,javascript get google chrome profile filder,javascript get google chrome profile filder
2,1413,how to get chrome profile folder,how to get chrome profile folder
2,1414,how to get chrome profile folder program,how to get chrome profile folder program
2,1415,how to get chrome profile folder programmatically,how to get chrome profile folder programmatically
2,1416,how to get chrome profile folder programmatically,how to get chrome profile folder programmatically
2,1418,how to get chrome profile folder programmatically,how to get chrome profile folder programmatically
2,1419,how to get chrome profile folder programmatically,how to get chrome profile folder programmatically
2,1421,how to get chrome profile folder programmatically,how to get chrome profile folder programmatically
2,1422,how to get chrome profile folder programmatically,how to get chrome profile folder programmatically
2,1423,javascript browser information,javascript browser information
2,1425,javascript browser profile ,javascript browser profile 
2,1427,javascript browser profile,javascript browser profile
2,1429,javascript browser profile,javascript browser profile
2,1430,javascript browser profile,javascript browser profile
2,1431,javascript browser profile,javascript browser profile
2,1432,javascript browser profile,javascript browser profile
2,1433,electron chrome profile path,electron chrome Profile Path
2,1436,electron chrome profile path,electron chrome Profile Path
2,1444,electron profile path,electron Profile Path
2,1446,electron get chrome profile path,electron get chrome Profile Path
2,1491,get %localappdata% path in electron,GET %localappdata% path in electron
2,1497,electron app.getpath,electron app.getpath
2,1503,electron app.getpath,electron app.getpath
2,1504,electron app.getpath,electron app.getPath
2,1519,webstorm run expo,webstorm run expo
2,1531,freelancer desktop app,freelancer desktop app
2,1536,electron sqlite db management,electron sqlite db management
2,1539,electron sqlite db,electron sqlite db
2,1543,electron tutor,electron tutor
2,1544,electron tutorial 2018,electron tutorial 2018
2,1546,electron tutorial point,electron tutorial point
2,1555,electron sqlite,electron sqlite
2,1560,picture,picture
2,1561,picture,picture
2,1564,boy,boy
2,1565,boy,boy
2,1566,boy,boy
2,1567,boy,boy
2,1568,boy,boy
2,1569,boy,boy
2,1570,boy,boy
2,1571,boy,boy
2,1572,how to shapen photo from old photo,how to shapen photo from old photo
2,1584,how to sharpen photo from old photo using plug in,how to sharpen photo from old photo using plug in
2,1586,how to run electron in visual studio code,how to run electron in visual studio code
2,1592,how to run electron in atom,how to run electron in atom
2,1598,electron write csv,electron write csv
2,1603,\r\n,\r\n
2,1605,writer.write in node fs,writer.write in node fs
2,1628,node.js get uuid,node.js get uuid
2,1647,windows media player,windows media player
2,1650,download windows media player 12,download windows media player 12
2,1671,screen capture tool,screen capture tool
2,1678,godaddy cpanel,godaddy cpanel
2,1695,weblaunchrecorder crack,weblaunchrecorder crack
2,1696,wechat,wechat
2,1699,electron get app path,electron get app path
2,1703,electron get app path,electron get app path
2,1704,electron get app path,electron get app path
2,1705,electron get app exe path,electron get app exe path
2,1708,node js create directory,node js create directory
2,1710,sftp server,sftp server
2,1711,filezilla server,Filezilla server
2,1718,electron sftp upload file,electron sftp upload file
2,1720,node js make fir in sftp,node js make fir in sftp
2,1722,node js make fir in sftp,node js make fir in sftp
2,1723,node js make fir in sftp,node js make fir in sftp
2,1725,node js make dir in sftp,node js make dir in sftp
2,1729,node js mkdir in sftp,node js mkdir in sftp
2,1730,node js mkdir in sftp,node js mkdir in sftp
2,1732,node js mkdir in sftp,node js mkdir in sftp
2,1733,node js make dir in sftp,node js make dir in sftp
2,1735,node js mkdir in sftp,node js mkdir in sftp
2,1737,uncaught (in promise) error: timed out while waiting for handshake,Uncaught (in promise) Error: Timed out while waiting for handshake
2,1740,electron uncaught (in promise) error: timed out while waiting for handshake,electron Uncaught (in promise) Error: Timed out while waiting for handshake
2,1743,ssh2-client node,ssh2-client node
2,1747,node ftp client,node ftp client
2,1751,sftp-client node,sftp-client node
2,1758,sftp-client node,sftp-client node
2,1760,electron uncaught (in promise) error: timed out while waiting for handshake,electron Uncaught (in promise) Error: Timed out while waiting for handshake
2,1761,electron uncaught (in promise) error: timed out while waiting for handshake,electron Uncaught (in promise) Error: Timed out while waiting for handshake
2,1762,electron uncaught (in promise) error: timed out while waiting for handshake,electron Uncaught (in promise) Error: Timed out while waiting for handshake
2,1763,electron uncaught (in promise) error: timed out while waiting for handshake,electron Uncaught (in promise) Error: Timed out while waiting for handshake
2,1765,node js sftp upload,node js sftp upload
2,1772,node js sftp upload,node js sftp upload
2,1774,electron sftp upload,electron sftp upload
2,1782,node jhs sftp upload,node jhs sftp upload
